{
  "PaginasPrincipales" : {
    "transaction" : "PaginasPrincipales",
    "sampleCount" : 5000,
    "errorCount" : 1203,
    "errorPct" : 24.06,
    "meanResTime" : 10813.731999999995,
    "medianResTime" : 10686.5,
    "minResTime" : 43.0,
    "maxResTime" : 31716.0,
    "pct1ResTime" : 15907.7,
    "pct2ResTime" : 21226.5,
    "pct3ResTime" : 23763.989999999998,
    "throughput" : 154.14971019854482,
    "receivedKBytesPerSec" : 437.35178144076025,
    "sentKBytesPerSec" : 13.507247926686398
  },
  "Total" : {
    "transaction" : "Total",
    "sampleCount" : 5000,
    "errorCount" : 1203,
    "errorPct" : 24.06,
    "meanResTime" : 10813.731999999995,
    "medianResTime" : 10686.5,
    "minResTime" : 43.0,
    "maxResTime" : 31716.0,
    "pct1ResTime" : 15907.7,
    "pct2ResTime" : 21226.5,
    "pct3ResTime" : 23763.989999999998,
    "throughput" : 154.14971019854482,
    "receivedKBytesPerSec" : 437.35178144076025,
    "sentKBytesPerSec" : 13.507247926686398
  }
}